timestamp,simple-path,time
2021-09-08 19:45:56.35,/master/welcome,10304
2021-09-08 19:45:56.901,/master/welcome,521
2021-09-08 19:45:59.856,/master/sign-in,2785
2021-09-08 19:46:01.2,/master/welcome,586
2021-09-08 19:46:14.476,/master/welcome,362
2021-09-08 19:46:15.198,/master/welcome,595
2021-09-08 19:46:15.838,/master/welcome,390
2021-09-08 19:46:17.737,/anonymous/shout/list,1682
2021-09-08 19:46:18.691,/master/welcome,428
2021-09-08 19:46:19.467,/anonymous/shout/list,591
2021-09-08 19:46:20.308,/master/welcome,331
2021-09-08 19:46:21.121,/anonymous/shout/list,599
2021-09-08 19:46:21.95,/master/welcome,283
2021-09-08 19:46:22.712,/anonymous/shout/list,595
2021-09-08 19:46:34.79,/master/welcome,1945
2021-09-08 19:46:35.417,/master/welcome,564
2021-09-08 19:46:36.204,/master/sign-in,637
2021-09-08 19:46:38.04,/master/welcome,1139
2021-09-08 19:46:54.538,/master/welcome,447
2021-09-08 19:46:55.256,/master/welcome,596
2021-09-08 19:46:55.65,/master/welcome,315
2021-09-08 19:46:56.962,/anonymous/shout/create,1139
2021-09-08 19:46:58.569,/master/welcome,1139
2021-09-08 19:46:59.33,/anonymous/shout/list,591
2021-09-08 19:47:00.23,/master/welcome,329
2021-09-08 19:47:00.981,/anonymous/shout/create,583
2021-09-08 19:47:03.034,/master/welcome,595
2021-09-08 19:47:03.86,/anonymous/shout/list,598
2021-09-08 19:47:04.747,/master/welcome,362
2021-09-08 19:47:05.531,/anonymous/shout/create,582
2021-09-08 19:47:07.58,/master/welcome,595
2021-09-08 19:47:08.349,/anonymous/shout/list,582
2021-09-08 19:47:09.206,/master/welcome,348
2021-09-08 19:47:09.988,/anonymous/shout/create,611
2021-09-08 19:47:11.575,/master/welcome,1137
2021-09-08 19:47:12.38,/anonymous/shout/list,601
2021-09-08 19:47:13.22,/master/welcome,285
2021-09-08 19:47:13.981,/anonymous/shout/create,593
2021-09-08 19:47:15.601,/master/welcome,1186
2021-09-08 19:47:16.37,/anonymous/shout/list,598
2021-09-08 19:47:17.27,/master/welcome,349
2021-09-08 19:47:18.053,/anonymous/shout/create,597
2021-09-08 19:47:19.079,/anonymous/shout/create,588
2021-09-08 19:47:19.456,/master/welcome,303
2021-09-08 19:47:20.221,/anonymous/shout/create,595
2021-09-08 19:47:21.294,/anonymous/shout/create,588
2021-09-08 19:47:21.674,/master/welcome,304
2021-09-08 19:47:22.44,/anonymous/shout/create,596
2021-09-08 19:47:23.435,/anonymous/shout/create,592
2021-09-08 19:47:23.778,/master/welcome,269
2021-09-08 19:47:24.541,/anonymous/shout/create,592
2021-09-08 19:47:25.592,/anonymous/shout/create,605
2021-09-08 19:47:25.955,/master/welcome,287
2021-09-08 19:47:26.713,/anonymous/shout/create,591
2021-09-08 19:47:27.743,/anonymous/shout/create,594
2021-09-08 19:47:39.65,/master/welcome,2761
2021-09-08 19:47:40.225,/master/welcome,546
2021-09-08 19:47:43.711,/master/sign-in,3359
2021-09-08 19:47:45.53,/master/welcome,1140
2021-09-08 19:48:04.749,/master/welcome,393
2021-09-08 19:48:05.472,/master/welcome,598
2021-09-08 19:48:05.863,/master/welcome,313
2021-09-08 19:48:06.176,/master/welcome,281
2021-09-08 19:48:06.874,/master/sign-in,590
2021-09-08 19:48:08.181,/master/welcome,595
2021-09-08 19:48:09.525,/administrator/spam/show,1129
2021-09-08 19:48:10.003,/master/welcome,341
2021-09-08 19:48:10.706,/master/welcome,593
2021-09-08 19:48:11.079,/master/welcome,298
2021-09-08 19:48:11.533,/master/welcome,424
2021-09-08 19:48:12.303,/master/sign-in,623
2021-09-08 19:48:13.575,/master/welcome,597
2021-09-08 19:48:14.385,/administrator/spam/show,596
2021-09-08 19:48:14.857,/master/welcome,351
2021-09-08 19:48:15.56,/master/welcome,597
2021-09-08 19:48:15.92,/master/welcome,280
2021-09-08 19:48:17.127,/master/welcome,297
2021-09-08 19:48:17.454,/master/welcome,294
2021-09-08 19:48:18.146,/master/sign-in,583
2021-09-08 19:48:19.426,/master/welcome,597
2021-09-08 19:48:20.057,/master/welcome,268
2021-09-08 19:48:20.812,/master/welcome,629
2021-09-08 19:48:21.168,/master/welcome,283
2021-09-08 19:48:21.47,/master/welcome,269
2021-09-08 19:48:22.174,/master/sign-in,597
2021-09-08 19:48:23.464,/master/welcome,593
2021-09-08 19:48:24.093,/master/welcome,270
2021-09-08 19:48:24.858,/master/welcome,626
2021-09-08 19:48:36.582,/master/welcome,885
2021-09-08 19:48:37.461,/master/welcome,847
2021-09-08 19:48:38.711,/master/sign-in,1149
2021-09-08 19:48:41.094,/master/welcome,1691
2021-09-08 19:49:00.776,/master/welcome,353
2021-09-08 19:49:01.495,/master/welcome,603
2021-09-08 19:49:01.84,/master/welcome,272
2021-09-08 19:49:02.182,/master/welcome,313
2021-09-08 19:49:02.889,/master/sign-in,597
2021-09-08 19:49:04.284,/master/welcome,594
2021-09-08 19:49:05.096,/administrator/spam/show,596
2021-09-08 19:49:07.078,/master/welcome,612
2021-09-08 19:49:07.833,/administrator/spam/show,584
2021-09-08 19:49:08.177,/master/welcome,316
2021-09-08 19:49:08.877,/master/welcome,591
2021-09-08 19:49:09.319,/master/welcome,363
2021-09-08 19:49:09.635,/master/welcome,288
2021-09-08 19:49:10.333,/master/sign-in,589
2021-09-08 19:49:11.628,/master/welcome,595
2021-09-08 19:49:12.434,/administrator/spam/show,592
2021-09-08 19:49:13.309,/administrator/spam/update,596
2021-09-08 19:49:13.68,/master/welcome,312
2021-09-08 19:49:14.429,/master/welcome,631
2021-09-08 19:49:14.838,/master/welcome,330
2021-09-08 19:49:15.411,/master/welcome,534
2021-09-08 19:49:16.128,/master/sign-in,591
2021-09-08 19:49:17.434,/master/welcome,595
2021-09-08 19:49:18.235,/administrator/spam/show,583
2021-09-08 19:49:19.138,/administrator/spam/update,601
2021-09-08 19:49:19.497,/master/welcome,300
2021-09-08 19:49:20.196,/master/welcome,588
2021-09-08 19:49:20.587,/master/welcome,317
2021-09-08 19:49:24.079,/master/welcome,332
2021-09-08 19:49:24.405,/master/welcome,295
2021-09-08 19:49:25.107,/master/sign-in,594
2021-09-08 19:49:26.364,/master/welcome,591
2021-09-08 19:49:27.069,/master/welcome,314
2021-09-08 19:49:27.777,/master/welcome,585
2021-09-08 19:49:28.155,/master/welcome,302
2021-09-08 19:49:28.507,/master/welcome,316
2021-09-08 19:49:29.215,/master/sign-in,586
2021-09-08 19:49:30.505,/master/welcome,597
2021-09-08 19:49:32.016,/master/welcome,816
2021-09-08 19:49:34.853,/master/welcome,1255
2021-09-08 19:49:52.023,/master/welcome,2414
2021-09-08 19:49:52.829,/master/welcome,778
2021-09-08 19:49:56.821,/master/sign-in,3869
2021-09-08 19:49:59.242,/master/welcome,1714
2021-09-08 19:50:20.625,/master/welcome,317
2021-09-08 19:50:21.321,/master/welcome,590
2021-09-08 19:50:21.714,/master/welcome,316
2021-09-08 19:50:22.028,/master/welcome,285
2021-09-08 19:50:22.796,/master/sign-in,596
2021-09-08 19:50:25.714,/master/welcome,2223
2021-09-08 19:50:27.613,/administrator/task/list,1684
2021-09-08 19:50:28.255,/administrator/task/list-sorted-by-execution-period,583
2021-09-08 19:50:30.887,/administrator/task/show,1692
2021-09-08 19:50:32.198,/administrator/task/list-sorted-by-execution-period,596
2021-09-08 19:50:32.543,/master/welcome,316
2021-09-08 19:50:33.246,/master/welcome,598
2021-09-08 19:50:33.605,/master/welcome,283
2021-09-08 19:50:33.885,/master/welcome,250
2021-09-08 19:50:34.586,/master/sign-in,594
2021-09-08 19:50:35.879,/master/welcome,595
2021-09-08 19:50:36.692,/administrator/task/list,598
2021-09-08 19:50:37.349,/administrator/task/list-sorted-by-execution-period,594
2021-09-08 19:50:38.859,/administrator/task/show,585
2021-09-08 19:50:40.199,/administrator/task/list-sorted-by-execution-period,597
2021-09-08 19:50:40.531,/master/welcome,301
2021-09-08 19:50:41.227,/master/welcome,589
2021-09-08 19:50:41.603,/master/welcome,299
2021-09-08 19:50:41.901,/master/welcome,266
2021-09-08 19:50:42.603,/master/sign-in,593
2021-09-08 19:50:44.107,/master/welcome,644
2021-09-08 19:50:44.98,/administrator/task/list,595
2021-09-08 19:50:45.627,/administrator/task/list-sorted-by-execution-period,583
2021-09-08 19:50:47.146,/administrator/task/show,594
2021-09-08 19:50:48.438,/administrator/task/list-sorted-by-execution-period,595
2021-09-08 19:50:48.78,/master/welcome,313
2021-09-08 19:50:49.48,/master/welcome,594
2021-09-08 19:50:49.856,/master/welcome,299
2021-09-08 19:50:50.138,/master/welcome,251
2021-09-08 19:50:50.838,/master/sign-in,593
2021-09-08 19:50:52.132,/master/welcome,594
2021-09-08 19:51:08.518,/master/welcome,1614
2021-09-08 19:51:08.999,/master/welcome,437
2021-09-08 19:51:09.714,/master/sign-in,594
2021-09-08 19:51:13.272,/master/welcome,2779
2021-09-08 19:51:36.158,/master/welcome,315
2021-09-08 19:51:36.864,/master/welcome,595
2021-09-08 19:51:37.233,/master/welcome,296
2021-09-08 19:51:37.558,/master/welcome,296
2021-09-08 19:51:38.276,/master/sign-in,611
2021-09-08 19:51:39.582,/master/welcome,593
2021-09-08 19:51:40.398,/administrator/task/list,597
2021-09-08 19:51:41.052,/administrator/task/list-sorted-by-workload,596
2021-09-08 19:51:42.624,/administrator/task/show,593
2021-09-08 19:51:43.449,/master/welcome,313
2021-09-08 19:51:44.146,/master/welcome,588
2021-09-08 19:51:44.518,/master/welcome,297
2021-09-08 19:51:44.817,/master/welcome,267
2021-09-08 19:51:45.515,/master/sign-in,593
2021-09-08 19:51:46.856,/master/welcome,595
2021-09-08 19:51:47.666,/administrator/task/list,596
2021-09-08 19:51:48.312,/administrator/task/list-sorted-by-workload,583
2021-09-08 19:51:49.833,/administrator/task/show,593
2021-09-08 19:51:50.705,/master/welcome,299
2021-09-08 19:51:51.407,/master/welcome,594
2021-09-08 19:51:51.801,/master/welcome,317
2021-09-08 19:51:52.149,/master/welcome,318
2021-09-08 19:51:52.871,/master/sign-in,596
2021-09-08 19:51:54.196,/master/welcome,596
2021-09-08 19:51:55.043,/administrator/task/list,583
2021-09-08 19:51:55.688,/administrator/task/list-sorted-by-workload,587
2021-09-08 19:51:57.944,/administrator/task/show,1176
2021-09-08 19:51:58.907,/master/welcome,315
2021-09-08 19:51:59.611,/master/welcome,592
2021-09-08 19:51:59.953,/master/welcome,268
2021-09-08 19:52:00.282,/master/welcome,299
2021-09-08 19:52:00.979,/master/sign-in,590
2021-09-08 19:52:02.261,/master/welcome,584
2021-09-08 19:52:03.134,/master/welcome,403
2021-09-08 19:52:03.833,/master/welcome,590
2021-09-08 19:52:16.921,/master/welcome,2219
2021-09-08 19:52:17.525,/master/welcome,576
2021-09-08 19:52:18.242,/master/sign-in,595
2021-09-08 19:52:21.282,/master/welcome,2224
2021-09-08 19:52:38.229,/master/welcome,329
2021-09-08 19:52:38.931,/master/welcome,595
2021-09-08 19:52:39.277,/master/welcome,269
2021-09-08 19:52:39.585,/master/welcome,278
2021-09-08 19:52:40.29,/master/sign-in,595
2021-09-08 19:52:41.6,/master/welcome,598
2021-09-08 19:52:42.322,/master/welcome,303
2021-09-08 19:52:43.036,/master/welcome,589
2021-09-08 19:52:43.407,/master/welcome,298
2021-09-08 19:52:43.784,/master/welcome,348
2021-09-08 19:52:44.486,/master/sign-in,595
2021-09-08 19:52:45.84,/master/welcome,593
2021-09-08 19:52:46.527,/master/welcome,292
2021-09-08 19:52:47.218,/master/welcome,582
2021-09-08 19:52:47.561,/master/welcome,265
2021-09-08 19:52:47.844,/master/welcome,253
2021-09-08 19:52:48.581,/master/sign-in,593
2021-09-08 19:52:49.917,/master/welcome,594
2021-09-08 19:52:50.62,/master/welcome,296
2021-09-08 19:52:51.32,/master/welcome,592
2021-09-08 19:53:04.317,/master/welcome,1460
2021-09-08 19:53:05.015,/master/welcome,668
2021-09-08 19:53:06.255,/master/sign-in,1126
2021-09-08 19:53:08.115,/master/welcome,1140
2021-09-08 19:53:27.205,/master/welcome,314
2021-09-08 19:53:27.906,/master/welcome,594
2021-09-08 19:53:28.251,/master/welcome,268
2021-09-08 19:53:28.563,/master/welcome,280
2021-09-08 19:53:29.293,/master/sign-in,611
2021-09-08 19:53:30.599,/master/welcome,592
2021-09-08 19:53:31.509,/administrator/task/list,694
2021-09-08 19:53:33.059,/administrator/task/show,591
2021-09-08 19:53:34.349,/administrator/task/list,584
2021-09-08 19:53:34.693,/master/welcome,314
2021-09-08 19:53:35.409,/master/welcome,607
2021-09-08 19:53:35.753,/master/welcome,270
2021-09-08 19:53:36.035,/master/welcome,254
2021-09-08 19:53:36.732,/master/sign-in,591
2021-09-08 19:53:38.053,/master/welcome,593
2021-09-08 19:53:38.858,/administrator/task/list,591
2021-09-08 19:53:40.378,/administrator/task/show,594
2021-09-08 19:53:41.7,/administrator/task/list,589
2021-09-08 19:53:42.031,/master/welcome,306
2021-09-08 19:53:42.721,/master/welcome,580
2021-09-08 19:53:43.066,/master/welcome,272
2021-09-08 19:53:43.36,/master/welcome,265
2021-09-08 19:53:44.066,/master/sign-in,597
2021-09-08 19:53:45.415,/master/welcome,629
2021-09-08 19:53:46.232,/administrator/task/list,598
2021-09-08 19:53:47.746,/administrator/task/show,591
2021-09-08 19:53:49.03,/administrator/task/list,585
2021-09-08 19:53:49.36,/master/welcome,299
2021-09-08 19:53:50.064,/master/welcome,585
2021-09-08 19:53:50.409,/master/welcome,269
2021-09-08 19:53:50.705,/master/welcome,268
2021-09-08 19:53:51.403,/master/sign-in,590
2021-09-08 19:53:52.687,/master/welcome,588
2021-09-08 19:54:05.09,/master/welcome,2187
2021-09-08 19:54:05.889,/master/welcome,770
2021-09-08 19:54:06.758,/master/sign-in,592
2021-09-08 19:54:08.668,/master/welcome,1147
2021-09-08 19:54:27.772,/master/welcome,303
2021-09-08 19:54:28.467,/master/welcome,589
2021-09-08 19:54:28.827,/master/welcome,276
2021-09-08 19:54:29.125,/master/welcome,268
2021-09-08 19:54:29.827,/master/sign-in,592
2021-09-08 19:54:31.12,/master/welcome,594
2021-09-08 19:54:31.862,/master/welcome,332
2021-09-08 19:54:32.56,/master/welcome,590
2021-09-08 19:54:32.949,/master/welcome,269
2021-09-08 19:54:33.311,/master/welcome,325
2021-09-08 19:54:34.012,/master/sign-in,594
2021-09-08 19:54:35.319,/master/welcome,595
2021-09-08 19:54:36.008,/master/welcome,300
2021-09-08 19:54:36.709,/master/welcome,593
2021-09-08 19:54:37.074,/master/welcome,288
2021-09-08 19:54:37.449,/master/welcome,302
2021-09-08 19:54:38.174,/master/sign-in,597
2021-09-08 19:54:39.479,/master/welcome,597
2021-09-08 19:54:40.279,/master/welcome,407
2021-09-08 19:54:40.997,/master/welcome,591
2021-09-08 19:54:41.357,/master/welcome,283
2021-09-08 19:54:41.69,/master/welcome,299
2021-09-08 19:54:42.391,/master/sign-in,588
2021-09-08 19:54:43.696,/master/welcome,595
2021-09-08 19:54:44.498,/administrator/task/list,583
2021-09-08 19:54:46.008,/administrator/task/show,582
2021-09-08 19:54:47.69,/administrator/task/list,612
2021-09-08 19:54:48.332,/master/welcome,296
2021-09-08 19:54:49.035,/master/welcome,595
2021-09-08 19:54:49.366,/master/welcome,255
2021-09-08 19:54:49.712,/master/welcome,315
2021-09-08 19:54:50.413,/master/sign-in,589
2021-09-08 19:54:51.74,/master/welcome,594
2021-09-08 19:54:52.539,/administrator/task/list,584
2021-09-08 19:54:54.061,/administrator/task/show,592
2021-09-08 19:54:55.73,/administrator/task/list,597
2021-09-08 19:54:56.374,/master/welcome,300
2021-09-08 19:54:57.12,/master/welcome,610
2021-09-08 19:54:57.481,/master/welcome,287
2021-09-08 19:54:57.808,/master/welcome,299
2021-09-08 19:54:59.06,/master/sign-in,1126
2021-09-08 19:55:00.398,/master/welcome,590
2021-09-08 19:55:01.209,/administrator/task/list,597
2021-09-08 19:55:02.73,/administrator/task/show,593
2021-09-08 19:55:03.929,/administrator/task/list,1140
2021-09-08 19:55:04.589,/master/welcome,318
2021-09-08 19:55:05.286,/master/welcome,590
2021-09-08 19:55:15.601,/master/welcome,1181
2021-09-08 19:55:15.999,/master/welcome,368
2021-09-08 19:55:17.358,/master/sign-in,1194
2021-09-08 19:55:19.245,/master/welcome,1139
2021-09-08 19:55:37.237,/master/welcome,320
2021-09-08 19:55:37.938,/master/welcome,595
2021-09-08 19:55:38.281,/master/welcome,266
2021-09-08 19:55:38.578,/master/welcome,264
2021-09-08 19:55:39.278,/master/sign-in,593
2021-09-08 19:55:40.635,/master/welcome,625
2021-09-08 19:55:41.45,/administrator/task/create,595
2021-09-08 19:55:44.068,/master/welcome,1159
2021-09-08 19:55:44.823,/administrator/task/list,586
2021-09-08 19:55:46.375,/administrator/task/show,595
2021-09-08 19:55:47.234,/master/welcome,287
2021-09-08 19:55:47.932,/master/welcome,589
2021-09-08 19:55:48.292,/master/welcome,284
2021-09-08 19:55:48.592,/master/welcome,269
2021-09-08 19:55:49.301,/master/sign-in,599
2021-09-08 19:55:50.597,/master/welcome,592
2021-09-08 19:55:51.409,/administrator/task/create,596
2021-09-08 19:55:54.031,/master/welcome,1145
2021-09-08 19:55:54.817,/administrator/task/list,598
2021-09-08 19:55:56.332,/administrator/task/show,584
2021-09-08 19:55:57.128,/master/welcome,286
2021-09-08 19:55:57.86,/master/welcome,620
2021-09-08 19:55:58.236,/master/welcome,305
2021-09-08 19:55:58.546,/master/welcome,280
2021-09-08 19:55:59.249,/master/sign-in,596
2021-09-08 19:56:00.534,/master/welcome,591
2021-09-08 19:56:01.341,/administrator/task/create,591
2021-09-08 19:56:04.408,/master/welcome,582
2021-09-08 19:56:05.163,/administrator/task/list,584
2021-09-08 19:56:06.724,/administrator/task/show,592
2021-09-08 19:56:07.578,/master/welcome,344
2021-09-08 19:56:08.285,/master/welcome,596
2021-09-08 19:56:08.819,/master/welcome,320
2021-09-08 19:56:09.101,/master/welcome,251
2021-09-08 19:56:09.801,/master/sign-in,585
2021-09-08 19:56:11.157,/master/welcome,597
2021-09-08 19:56:11.962,/administrator/task/create,592
2021-09-08 19:56:15.063,/master/welcome,616
2021-09-08 19:56:15.828,/administrator/task/list,596
2021-09-08 19:56:17.338,/administrator/task/show,582
2021-09-08 19:56:18.15,/master/welcome,301
2021-09-08 19:56:18.892,/master/welcome,593
2021-09-08 19:56:19.242,/master/welcome,284
2021-09-08 19:56:19.542,/master/welcome,270
2021-09-08 19:56:20.239,/master/sign-in,590
2021-09-08 19:56:21.533,/master/welcome,594
2021-09-08 19:56:22.35,/administrator/task/create,597
2021-09-08 19:56:25.431,/master/welcome,601
2021-09-08 19:56:26.188,/administrator/task/list,585
2021-09-08 19:56:27.719,/administrator/task/show,595
2021-09-08 19:56:28.669,/master/welcome,393
2021-09-08 19:56:29.363,/master/welcome,586
2021-09-08 19:56:29.838,/master/welcome,395
2021-09-08 19:56:30.135,/master/welcome,270
2021-09-08 19:56:30.837,/master/sign-in,593
2021-09-08 19:56:32.161,/master/welcome,636
2021-09-08 19:56:32.969,/administrator/task/create,595
2021-09-08 19:56:35.006,/administrator/task/create,594
2021-09-08 19:56:35.349,/master/welcome,297
2021-09-08 19:56:35.695,/master/welcome,316
2021-09-08 19:56:36.448,/master/sign-in,640
2021-09-08 19:56:37.73,/master/welcome,586
2021-09-08 19:56:38.542,/administrator/task/create,596
2021-09-08 19:56:40.612,/administrator/task/create,581
2021-09-08 19:56:40.945,/master/welcome,254
2021-09-08 19:56:41.242,/master/welcome,270
2021-09-08 19:56:41.937,/master/sign-in,592
2021-09-08 19:56:43.216,/master/welcome,582
2021-09-08 19:56:44.042,/administrator/task/create,595
2021-09-08 19:56:46.104,/administrator/task/create,596
2021-09-08 19:56:46.42,/master/welcome,269
2021-09-08 19:56:46.703,/master/welcome,252
2021-09-08 19:56:47.398,/master/sign-in,589
2021-09-08 19:56:48.691,/master/welcome,595
2021-09-08 19:56:49.519,/administrator/task/create,597
2021-09-08 19:56:51.607,/administrator/task/create,595
2021-09-08 19:56:51.923,/master/welcome,272
2021-09-08 19:56:52.226,/master/welcome,275
2021-09-08 19:56:52.928,/master/sign-in,593
2021-09-08 19:56:54.218,/master/welcome,592
2021-09-08 19:56:55.014,/administrator/task/create,580
2021-09-08 19:56:56.973,/administrator/task/create,581
2021-09-08 19:56:57.286,/master/welcome,268
2021-09-08 19:56:57.598,/master/welcome,271
2021-09-08 19:56:58.309,/master/sign-in,597
2021-09-08 19:56:59.613,/master/welcome,594
2021-09-08 19:57:00.439,/administrator/task/create,595
2021-09-08 19:57:02.459,/administrator/task/create,593
2021-09-08 19:57:02.77,/master/welcome,265
2021-09-08 19:57:03.066,/master/welcome,265
2021-09-08 19:57:03.766,/master/sign-in,591
2021-09-08 19:57:05.048,/master/welcome,582
2021-09-08 19:57:05.883,/administrator/task/create,594
2021-09-08 19:57:07.928,/administrator/task/create,585
2021-09-08 19:57:08.246,/master/welcome,269
2021-09-08 19:57:08.674,/master/welcome,397
2021-09-08 19:57:09.386,/master/sign-in,587
2021-09-08 19:57:10.663,/master/welcome,580
2021-09-08 19:57:11.473,/administrator/task/create,595
2021-09-08 19:57:13.491,/administrator/task/create,598
2021-09-08 19:57:13.817,/master/welcome,281
2021-09-08 19:57:14.114,/master/welcome,265
2021-09-08 19:57:14.823,/master/sign-in,609
2021-09-08 19:57:16.115,/master/welcome,595
2021-09-08 19:57:16.926,/administrator/task/create,594
2021-09-08 19:57:18.951,/administrator/task/create,584
2021-09-08 19:57:19.265,/master/welcome,266
2021-09-08 19:57:19.548,/master/welcome,252
2021-09-08 19:57:20.254,/master/sign-in,596
2021-09-08 19:57:21.575,/master/welcome,625
2021-09-08 19:57:22.371,/administrator/task/create,583
2021-09-08 19:57:24.397,/administrator/task/create,596
2021-09-08 19:57:24.697,/master/welcome,252
2021-09-08 19:57:25.003,/master/welcome,277
2021-09-08 19:57:25.706,/master/sign-in,594
2021-09-08 19:57:26.995,/master/welcome,595
2021-09-08 19:57:27.817,/administrator/task/create,592
2021-09-08 19:57:29.84,/administrator/task/create,595
2021-09-08 19:57:30.199,/master/welcome,313
2021-09-08 19:57:30.498,/master/welcome,268
2021-09-08 19:57:31.203,/master/sign-in,594
2021-09-08 19:57:32.517,/master/welcome,610
2021-09-08 19:57:33.329,/administrator/task/create,595
2021-09-08 19:57:35.339,/administrator/task/create,583
2021-09-08 19:57:35.651,/master/welcome,267
2021-09-08 19:57:36.0,/master/welcome,316
2021-09-08 19:57:36.693,/master/sign-in,584
2021-09-08 19:57:37.994,/master/welcome,592
2021-09-08 19:57:38.803,/administrator/task/create,594
2021-09-08 19:57:40.828,/administrator/task/create,585
2021-09-08 19:57:41.269,/master/welcome,370
2021-09-08 19:57:41.631,/master/welcome,331
2021-09-08 19:57:42.326,/master/sign-in,596
2021-09-08 19:57:43.633,/master/welcome,593
2021-09-08 19:57:44.431,/administrator/task/create,581
2021-09-08 19:57:46.548,/administrator/task/create,583
2021-09-08 19:57:46.864,/master/welcome,268
2021-09-08 19:57:47.163,/master/welcome,268
2021-09-08 19:57:47.863,/master/sign-in,593
2021-09-08 19:57:49.186,/master/welcome,630
2021-09-08 19:57:50.032,/administrator/task/create,584
2021-09-08 19:57:52.065,/administrator/task/create,597
2021-09-08 19:57:52.38,/master/welcome,267
2021-09-08 19:57:52.693,/master/welcome,285
2021-09-08 19:57:53.427,/master/sign-in,639
2021-09-08 19:57:54.731,/master/welcome,591
2021-09-08 19:57:55.543,/administrator/task/create,594
2021-09-08 19:57:57.583,/administrator/task/create,596
2021-09-08 19:58:08.854,/master/welcome,1729
2021-09-08 19:58:09.42,/master/welcome,539
2021-09-08 19:58:12.334,/master/sign-in,2785
2021-09-08 19:58:13.698,/master/welcome,588
2021-09-08 19:58:31.148,/master/welcome,287
2021-09-08 19:58:31.834,/master/welcome,582
2021-09-08 19:58:32.226,/master/welcome,313
2021-09-08 19:58:32.525,/master/welcome,268
2021-09-08 19:58:33.228,/master/sign-in,595
2021-09-08 19:58:34.518,/master/welcome,597
2021-09-08 19:58:35.32,/administrator/task/list,585
2021-09-08 19:58:36.829,/administrator/task/show,583
2021-09-08 19:58:38.833,/administrator/task/update,595
2021-09-08 19:58:39.594,/administrator/task/list,592
2021-09-08 19:58:41.129,/administrator/task/show,585
2021-09-08 19:58:41.981,/master/welcome,315
2021-09-08 19:58:42.68,/master/welcome,590
2021-09-08 19:58:43.021,/master/welcome,266
2021-09-08 19:58:43.319,/master/welcome,266
2021-09-08 19:58:44.019,/master/sign-in,592
2021-09-08 19:58:45.308,/master/welcome,593
2021-09-08 19:58:46.154,/administrator/task/list,586
2021-09-08 19:58:47.682,/administrator/task/show,596
2021-09-08 19:58:49.697,/administrator/task/update,597
2021-09-08 19:58:50.477,/administrator/task/list,582
2021-09-08 19:58:51.993,/administrator/task/show,587
2021-09-08 19:58:52.787,/master/welcome,282
2021-09-08 19:58:53.493,/master/welcome,596
2021-09-08 19:58:53.868,/master/welcome,284
2021-09-08 19:58:54.191,/master/welcome,258
2021-09-08 19:58:54.898,/master/sign-in,595
2021-09-08 19:58:56.188,/master/welcome,596
2021-09-08 19:58:56.999,/administrator/task/list,593
2021-09-08 19:58:58.549,/administrator/task/show,582
2021-09-08 19:59:00.625,/administrator/task/update,593
2021-09-08 19:59:01.568,/administrator/task/list,597
2021-09-08 19:59:03.355,/administrator/task/show,587
2021-09-08 19:59:04.17,/master/welcome,301
2021-09-08 19:59:04.864,/master/welcome,587
2021-09-08 19:59:05.196,/master/welcome,259
2021-09-08 19:59:05.492,/master/welcome,266
2021-09-08 19:59:06.195,/master/sign-in,596
2021-09-08 19:59:07.473,/master/welcome,581
2021-09-08 19:59:08.182,/master/welcome,316
2021-09-08 19:59:08.882,/master/welcome,594
2021-09-08 19:59:09.227,/master/welcome,273
2021-09-08 19:59:09.53,/master/welcome,273
2021-09-08 19:59:10.23,/master/sign-in,595
2021-09-08 19:59:11.543,/master/welcome,599
2021-09-08 19:59:12.228,/master/welcome,296
2021-09-08 19:59:12.915,/master/welcome,594
2021-09-08 19:59:13.257,/master/welcome,266
2021-09-08 19:59:13.556,/master/welcome,268
2021-09-08 19:59:14.25,/master/sign-in,587
2021-09-08 19:59:15.571,/master/welcome,612
2021-09-08 19:59:16.323,/master/welcome,300
2021-09-08 19:59:17.033,/master/welcome,595
2021-09-08 19:59:17.388,/master/welcome,284
2021-09-08 19:59:17.675,/master/welcome,255
2021-09-08 19:59:18.38,/master/sign-in,599
2021-09-08 19:59:19.682,/master/welcome,590
2021-09-08 19:59:20.492,/administrator/task/list,594
2021-09-08 19:59:22.083,/administrator/task/show,584
2021-09-08 19:59:24.674,/administrator/task/list,596
2021-09-08 19:59:25.427,/administrator/task/list,583
2021-09-08 19:59:26.961,/administrator/task/show,583
2021-09-08 19:59:27.768,/master/welcome,297
2021-09-08 19:59:28.467,/master/welcome,590
2021-09-08 19:59:28.845,/master/welcome,302
2021-09-08 19:59:29.126,/master/welcome,251
2021-09-08 19:59:29.832,/master/sign-in,595
2021-09-08 19:59:31.182,/master/welcome,596
2021-09-08 19:59:31.983,/administrator/task/list,586
2021-09-08 19:59:33.49,/administrator/task/show,594
2021-09-08 19:59:36.191,/administrator/task/list,1171
2021-09-08 19:59:36.957,/administrator/task/list,598
2021-09-08 19:59:38.501,/administrator/task/show,582
2021-09-08 19:59:39.37,/master/welcome,299
2021-09-08 19:59:40.07,/master/welcome,590
2021-09-08 19:59:40.399,/master/welcome,252
2021-09-08 19:59:40.676,/master/welcome,250
2021-09-08 19:59:41.376,/master/sign-in,594
2021-09-08 19:59:42.707,/master/welcome,595
2021-09-08 19:59:43.549,/administrator/task/list,586
2021-09-08 19:59:45.075,/administrator/task/show,595
2021-09-08 19:59:48.17,/administrator/task/list,596
2021-09-08 19:59:48.922,/administrator/task/list,581
2021-09-08 19:59:50.448,/administrator/task/show,596
2021-09-08 19:59:51.27,/master/welcome,322
2021-09-08 19:59:51.973,/master/welcome,592
2021-09-08 20:00:03.808,/master/welcome,2794
2021-09-08 20:00:04.339,/master/welcome,501
2021-09-08 20:00:05.051,/master/sign-in,600
2021-09-08 20:00:07.413,/master/welcome,1681
2021-09-08 20:00:24.352,/master/welcome,300
2021-09-08 20:00:25.052,/master/welcome,594
2021-09-08 20:00:25.384,/master/welcome,252
2021-09-08 20:00:25.664,/master/welcome,254
2021-09-08 20:00:26.36,/master/sign-in,586
2021-09-08 20:00:27.665,/master/welcome,608
2021-09-08 20:00:28.558,/authenticated/task/list,677
2021-09-08 20:00:30.791,/authenticated/task/show,595
2021-09-08 20:00:31.751,/authenticated/task/list,598
2021-09-08 20:00:32.063,/master/welcome,243
2021-09-08 20:00:32.762,/master/welcome,593
2021-09-08 20:00:33.124,/master/welcome,285
2021-09-08 20:00:33.408,/master/welcome,253
2021-09-08 20:00:34.096,/master/sign-in,581
2021-09-08 20:00:35.387,/master/welcome,593
2021-09-08 20:00:36.193,/authenticated/task/list,593
2021-09-08 20:00:38.444,/authenticated/task/show,598
2021-09-08 20:00:39.391,/authenticated/task/list,595
2021-09-08 20:00:39.673,/master/welcome,251
2021-09-08 20:00:40.376,/master/welcome,594
2021-09-08 20:00:40.814,/master/welcome,329
2021-09-08 20:00:41.109,/master/welcome,266
2021-09-08 20:00:41.806,/master/sign-in,589
2021-09-08 20:00:43.092,/master/welcome,591
2021-09-08 20:00:43.891,/authenticated/task/list,582
2021-09-08 20:00:44.577,/authenticated/task/list,592
2021-09-08 20:00:46.803,/authenticated/task/show,587
2021-09-08 20:00:47.75,/authenticated/task/list,592
2021-09-08 20:00:48.034,/master/welcome,255
2021-09-08 20:00:48.762,/master/welcome,623
2021-09-08 20:00:49.121,/master/welcome,252
2021-09-08 20:00:49.402,/master/welcome,251
2021-09-08 20:00:50.104,/master/sign-in,593
2021-09-08 20:00:51.382,/master/welcome,594
2021-09-08 20:00:52.185,/authenticated/task/list,590
2021-09-08 20:00:52.875,/authenticated/task/list,630
2021-09-08 20:00:55.123,/authenticated/task/show,591
2021-09-08 20:00:56.21,/authenticated/task/list,647
2021-09-08 20:00:56.51,/master/welcome,270
2021-09-08 20:00:57.257,/master/welcome,620
2021-09-08 20:00:57.834,/master/welcome,417
2021-09-08 20:00:58.147,/master/welcome,283
2021-09-08 20:00:58.846,/master/sign-in,594
2021-09-08 20:01:00.137,/master/welcome,591
2021-09-08 20:01:00.949,/authenticated/task/list,594
2021-09-08 20:01:01.593,/authenticated/task/list-sorted-by-execution-period,581
2021-09-08 20:01:03.885,/authenticated/task/show,584
2021-09-08 20:01:04.838,/authenticated/task/list-sorted-by-execution-period,598
2021-09-08 20:01:05.114,/master/welcome,249
2021-09-08 20:01:05.813,/master/welcome,592
2021-09-08 20:01:06.189,/master/welcome,293
2021-09-08 20:01:06.513,/master/welcome,259
2021-09-08 20:01:07.225,/master/sign-in,597
2021-09-08 20:01:08.508,/master/welcome,595
2021-09-08 20:01:09.325,/authenticated/task/list,596
2021-09-08 20:01:09.98,/authenticated/task/list-sorted-by-execution-period,596
2021-09-08 20:01:12.25,/authenticated/task/show,595
2021-09-08 20:01:13.197,/authenticated/task/list-sorted-by-execution-period,594
2021-09-08 20:01:13.478,/master/welcome,252
2021-09-08 20:01:14.189,/master/welcome,593
2021-09-08 20:01:14.52,/master/welcome,255
2021-09-08 20:01:14.818,/master/welcome,269
2021-09-08 20:01:15.506,/master/sign-in,584
2021-09-08 20:01:16.797,/master/welcome,593
2021-09-08 20:01:17.595,/authenticated/task/list,581
2021-09-08 20:01:18.26,/authenticated/task/list-sorted-by-workload,605
2021-09-08 20:01:20.514,/authenticated/task/show,595
2021-09-08 20:01:21.464,/authenticated/task/list-sorted-by-workload,597
2021-09-08 20:01:21.734,/master/welcome,241
2021-09-08 20:01:22.447,/master/welcome,598
2021-09-08 20:01:22.775,/master/welcome,250
2021-09-08 20:01:23.056,/master/welcome,251
2021-09-08 20:01:23.75,/master/sign-in,585
2021-09-08 20:01:25.053,/master/welcome,594
2021-09-08 20:01:25.862,/authenticated/task/list,594
2021-09-08 20:01:26.53,/authenticated/task/list-sorted-by-workload,609
2021-09-08 20:01:28.793,/authenticated/task/show,593
2021-09-08 20:01:29.742,/authenticated/task/list-sorted-by-workload,597
2021-09-08 20:01:30.023,/master/welcome,251
2021-09-08 20:01:30.725,/master/welcome,579
2021-09-08 20:01:31.072,/master/welcome,270
2021-09-08 20:01:31.37,/master/welcome,267
2021-09-08 20:01:32.107,/master/sign-in,624
2021-09-08 20:01:33.394,/master/welcome,589
2021-09-08 20:01:34.052,/master/welcome,283
2021-09-08 20:01:34.35,/master/welcome,269
2021-09-08 20:01:35.041,/master/sign-in,583
2021-09-08 20:01:36.374,/master/welcome,621
2021-09-08 20:01:37.029,/master/welcome,276
2021-09-08 20:01:37.31,/master/welcome,251
2021-09-08 20:01:38.006,/master/sign-in,588
2021-09-08 20:01:39.296,/master/welcome,592
2021-09-08 20:01:39.971,/master/welcome,300
2021-09-08 20:01:40.253,/master/welcome,251
2021-09-08 20:01:40.966,/master/sign-in,598
2021-09-08 20:01:42.261,/master/welcome,594
2021-09-08 20:01:42.938,/master/welcome,286
2021-09-08 20:01:43.22,/master/welcome,252
2021-09-08 20:01:43.922,/master/sign-in,595
2021-09-08 20:01:45.238,/master/welcome,610
2021-09-08 20:01:45.878,/master/welcome,268
2021-09-08 20:01:46.162,/master/welcome,253
2021-09-08 20:01:46.864,/master/sign-in,595
2021-09-08 20:01:48.153,/master/welcome,592
2021-09-08 20:01:48.778,/master/welcome,265
2021-09-08 20:01:49.058,/master/welcome,249
2021-09-08 20:01:49.795,/master/sign-in,592
2021-09-08 20:01:51.107,/master/welcome,593
2021-09-08 20:01:51.747,/master/welcome,282
2021-09-08 20:01:52.026,/master/welcome,248
2021-09-08 20:01:52.722,/master/sign-in,587
2021-09-08 20:01:54.035,/master/welcome,602
2021-09-08 20:01:54.672,/master/welcome,283
2021-09-08 20:01:54.955,/master/welcome,252
2021-09-08 20:01:55.659,/master/sign-in,596
2021-09-08 20:01:56.954,/master/welcome,592
2021-09-08 20:02:08.172,/master/welcome,1868
2021-09-08 20:02:08.714,/master/welcome,515
2021-09-08 20:02:12.13,/master/sign-in,3310
2021-09-08 20:02:13.42,/master/welcome,590
2021-09-08 20:02:29.787,/master/welcome,300
2021-09-08 20:02:30.488,/master/welcome,594
2021-09-08 20:02:30.812,/master/welcome,251
2021-09-08 20:02:31.126,/master/welcome,283
2021-09-08 20:02:31.826,/master/sign-in,590
2021-09-08 20:02:33.104,/master/welcome,596
2021-09-08 20:02:33.953,/manageracc/task/list,631
2021-09-08 20:02:34.606,/manageracc/task/list-sorted-by-execution-period,596
2021-09-08 20:02:36.679,/manageracc/task/show,1144
2021-09-08 20:02:37.458,/master/welcome,270
2021-09-08 20:02:38.152,/master/welcome,587
2021-09-08 20:02:38.515,/master/welcome,285
2021-09-08 20:02:38.795,/master/welcome,250
2021-09-08 20:02:39.502,/master/sign-in,596
2021-09-08 20:02:40.818,/master/welcome,626
2021-09-08 20:02:41.628,/manageracc/task/list,593
2021-09-08 20:02:42.285,/manageracc/task/list-sorted-by-execution-period,594
2021-09-08 20:02:43.79,/manageracc/task/show,583
2021-09-08 20:02:44.568,/master/welcome,268
2021-09-08 20:02:45.289,/master/welcome,615
2021-09-08 20:02:45.654,/master/welcome,288
2021-09-08 20:02:45.932,/master/welcome,250
2021-09-08 20:02:46.629,/master/sign-in,589
2021-09-08 20:02:47.881,/master/welcome,591
2021-09-08 20:02:48.525,/master/welcome,266
2021-09-08 20:02:49.276,/master/welcome,598
2021-09-08 20:02:59.159,/master/welcome,820
2021-09-08 20:03:01.12,/master/welcome,1932
2021-09-08 20:03:03.475,/master/sign-in,2231
2021-09-08 20:03:05.319,/master/welcome,1139
2021-09-08 20:03:22.257,/master/welcome,302
2021-09-08 20:03:22.957,/master/welcome,596
2021-09-08 20:03:23.301,/master/welcome,265
2021-09-08 20:03:23.597,/master/welcome,266
2021-09-08 20:03:24.321,/master/sign-in,593
2021-09-08 20:03:25.605,/master/welcome,591
2021-09-08 20:03:26.406,/manageracc/task/list,584
2021-09-08 20:03:27.059,/manageracc/task/list-sorted-by-workload,592
2021-09-08 20:03:28.569,/manageracc/task/show,590
2021-09-08 20:03:29.376,/master/welcome,258
2021-09-08 20:03:30.077,/master/welcome,592
2021-09-08 20:03:30.418,/master/welcome,265
2021-09-08 20:03:30.713,/master/welcome,265
2021-09-08 20:03:31.417,/master/sign-in,598
2021-09-08 20:03:32.706,/master/welcome,609
2021-09-08 20:03:33.566,/manageracc/task/list,582
2021-09-08 20:03:34.221,/manageracc/task/list-sorted-by-workload,596
2021-09-08 20:03:35.739,/manageracc/task/show,595
2021-09-08 20:03:36.496,/master/welcome,252
2021-09-08 20:03:37.211,/master/welcome,594
2021-09-08 20:03:37.576,/master/welcome,285
2021-09-08 20:03:37.86,/master/welcome,254
2021-09-08 20:03:38.559,/master/sign-in,594
2021-09-08 20:03:39.838,/master/welcome,598
2021-09-08 20:03:40.608,/master/welcome,363
2021-09-08 20:03:41.336,/master/welcome,594
2021-09-08 20:03:53.232,/master/welcome,2509
2021-09-08 20:03:53.862,/master/welcome,594
2021-09-08 20:03:56.21,/master/sign-in,2229
2021-09-08 20:03:58.051,/master/welcome,1125
2021-09-08 20:04:13.593,/master/welcome,547
2021-09-08 20:04:14.289,/master/welcome,590
2021-09-08 20:04:14.88,/master/welcome,513
2021-09-08 20:04:15.783,/master/welcome,871
2021-09-08 20:04:16.485,/master/sign-in,594
2021-09-08 20:04:18.042,/master/welcome,596
2021-09-08 20:04:18.856,/manageracc/task/list,597
2021-09-08 20:04:21.907,/manageracc/task/show,1135
2021-09-08 20:04:22.941,/master/welcome,520
2021-09-08 20:04:23.643,/master/welcome,595
2021-09-08 20:04:24.281,/master/welcome,561
2021-09-08 20:04:24.844,/master/welcome,531
2021-09-08 20:04:26.09,/master/sign-in,1139
2021-09-08 20:04:27.486,/master/welcome,594
2021-09-08 20:04:28.294,/manageracc/task/list,593
2021-09-08 20:04:30.794,/manageracc/task/show,591
2021-09-08 20:04:31.827,/master/welcome,520
2021-09-08 20:04:32.528,/master/welcome,594
2021-09-08 20:04:33.138,/master/welcome,530
2021-09-08 20:04:33.723,/master/welcome,563
2021-09-08 20:04:34.415,/master/sign-in,583
2021-09-08 20:04:36.033,/master/welcome,595
2021-09-08 20:04:37.16,/master/welcome,515
2021-09-08 20:04:37.87,/master/welcome,598
2021-09-08 20:04:48.678,/master/welcome,2220
2021-09-08 20:04:49.963,/master/welcome,1256
2021-09-08 20:04:50.677,/master/sign-in,592
2021-09-08 20:04:53.067,/master/welcome,1672
2021-09-08 20:05:11.054,/master/welcome,301
2021-09-08 20:05:11.754,/master/welcome,593
2021-09-08 20:05:12.098,/master/welcome,268
2021-09-08 20:05:12.397,/master/welcome,268
2021-09-08 20:05:13.155,/master/sign-in,597
2021-09-08 20:05:14.424,/master/welcome,597
2021-09-08 20:05:15.05,/master/welcome,265
2021-09-08 20:05:15.754,/master/welcome,596
2021-09-08 20:05:16.095,/master/welcome,264
2021-09-08 20:05:16.378,/master/welcome,253
2021-09-08 20:05:17.065,/master/sign-in,581
2021-09-08 20:05:18.402,/master/welcome,594
2021-09-08 20:05:19.031,/master/welcome,268
2021-09-08 20:05:19.73,/master/welcome,591
2021-09-08 20:05:31.741,/master/welcome,1048
2021-09-08 20:05:32.27,/master/welcome,491
2021-09-08 20:05:34.615,/master/sign-in,2223
2021-09-08 20:05:36.998,/master/welcome,1670
2021-09-08 20:05:52.819,/master/welcome,314
2021-09-08 20:05:53.519,/master/welcome,591
2021-09-08 20:05:53.864,/master/welcome,269
2021-09-08 20:05:54.286,/master/welcome,393
2021-09-08 20:05:54.985,/master/sign-in,593
2021-09-08 20:05:56.292,/master/welcome,594
2021-09-08 20:05:56.977,/master/welcome,266
2021-09-08 20:05:57.677,/master/welcome,594
2021-09-08 20:05:58.021,/master/welcome,268
2021-09-08 20:05:58.304,/master/welcome,252
2021-09-08 20:05:59.009,/master/sign-in,594
2021-09-08 20:06:00.298,/master/welcome,592
2021-09-08 20:06:00.928,/master/welcome,270
2021-09-08 20:06:01.627,/master/welcome,591
2021-09-08 20:06:01.971,/master/welcome,267
2021-09-08 20:06:02.252,/master/welcome,251
2021-09-08 20:06:02.947,/master/sign-in,587
2021-09-08 20:06:04.21,/master/welcome,596
2021-09-08 20:06:05.012,/manageracc/task/list,589
2021-09-08 20:06:06.527,/manageracc/task/show,595
2021-09-08 20:06:07.73,/manageracc/task/list,1142
2021-09-08 20:06:08.403,/master/welcome,300
2021-09-08 20:06:08.684,/master/welcome,250
2021-09-08 20:06:09.379,/master/sign-in,586
2021-09-08 20:06:10.659,/master/welcome,583
2021-09-08 20:06:11.467,/manageracc/task/list,593
2021-09-08 20:06:13.057,/manageracc/task/show,596
2021-09-08 20:06:13.763,/manageracc/task/list,588
2021-09-08 20:06:27.698,/master/welcome,4701
2021-09-08 20:06:28.088,/master/welcome,362
2021-09-08 20:06:29.4,/master/sign-in,1139
2021-09-08 20:06:30.681,/master/welcome,584
2021-09-08 20:06:43.763,/master/welcome,304
2021-09-08 20:06:44.461,/master/welcome,593
2021-09-08 20:06:44.804,/master/welcome,267
2021-09-08 20:06:45.091,/master/welcome,260
2021-09-08 20:06:45.79,/master/sign-in,595
2021-09-08 20:06:47.052,/master/welcome,596
2021-09-08 20:06:47.86,/manageracc/task/create,593
2021-09-08 20:06:50.92,/master/welcome,582
2021-09-08 20:06:51.689,/manageracc/task/list,598
2021-09-08 20:06:53.21,/manageracc/task/show,596
2021-09-08 20:06:54.058,/master/welcome,323
2021-09-08 20:06:54.758,/master/welcome,584
2021-09-08 20:06:55.088,/master/welcome,249
2021-09-08 20:06:55.46,/master/welcome,346
2021-09-08 20:06:56.161,/master/sign-in,593
2021-09-08 20:06:57.431,/master/welcome,593
2021-09-08 20:06:58.242,/manageracc/task/create,593
2021-09-08 20:07:01.365,/master/welcome,597
2021-09-08 20:07:02.122,/manageracc/task/list,586
2021-09-08 20:07:03.662,/manageracc/task/show,596
2021-09-08 20:07:04.422,/master/welcome,251
2021-09-08 20:07:05.118,/master/welcome,589
2021-09-08 20:07:05.451,/master/welcome,253
2021-09-08 20:07:05.734,/master/welcome,253
2021-09-08 20:07:06.436,/master/sign-in,595
2021-09-08 20:07:07.73,/master/welcome,596
2021-09-08 20:07:08.525,/manageracc/task/create,582
2021-09-08 20:07:11.581,/master/welcome,592
2021-09-08 20:07:12.336,/manageracc/task/list,584
2021-09-08 20:07:13.853,/manageracc/task/show,582
2021-09-08 20:07:14.61,/master/welcome,250
2021-09-08 20:07:15.315,/master/welcome,597
2021-09-08 20:07:15.657,/master/welcome,260
2021-09-08 20:07:15.935,/master/welcome,249
2021-09-08 20:07:16.634,/master/sign-in,590
2021-09-08 20:07:18.028,/master/welcome,664
2021-09-08 20:07:18.829,/manageracc/task/create,586
2021-09-08 20:07:22.161,/master/welcome,590
2021-09-08 20:07:22.932,/manageracc/task/list,597
2021-09-08 20:07:24.475,/manageracc/task/show,584
2021-09-08 20:07:25.238,/master/welcome,253
2021-09-08 20:07:25.941,/master/welcome,593
2021-09-08 20:07:26.267,/master/welcome,246
2021-09-08 20:07:26.55,/master/welcome,253
2021-09-08 20:07:27.252,/master/sign-in,594
2021-09-08 20:07:28.562,/master/welcome,644
2021-09-08 20:07:29.374,/manageracc/task/create,596
2021-09-08 20:07:31.949,/master/welcome,1137
2021-09-08 20:07:32.711,/manageracc/task/list,587
2021-09-08 20:07:34.231,/manageracc/task/show,596
2021-09-08 20:07:34.991,/master/welcome,254
2021-09-08 20:07:35.691,/master/welcome,593
2021-09-08 20:07:36.04,/master/welcome,264
2021-09-08 20:07:36.333,/master/welcome,263
2021-09-08 20:07:37.037,/master/sign-in,595
2021-09-08 20:07:38.359,/master/welcome,592
2021-09-08 20:07:39.165,/manageracc/task/create,591
2021-09-08 20:07:41.206,/manageracc/task/create,585
2021-09-08 20:07:41.539,/master/welcome,289
2021-09-08 20:07:41.86,/master/welcome,267
2021-09-08 20:07:42.542,/master/sign-in,582
2021-09-08 20:07:43.804,/master/welcome,595
2021-09-08 20:07:44.617,/manageracc/task/create,595
2021-09-08 20:07:46.702,/manageracc/task/create,594
2021-09-08 20:07:47.002,/master/welcome,254
2021-09-08 20:07:47.301,/master/welcome,269
2021-09-08 20:07:48.004,/master/sign-in,594
2021-09-08 20:07:49.259,/master/welcome,591
2021-09-08 20:07:50.06,/manageracc/task/create,584
2021-09-08 20:07:52.166,/manageracc/task/create,595
2021-09-08 20:07:52.464,/master/welcome,254
2021-09-08 20:07:52.74,/master/welcome,247
2021-09-08 20:07:53.458,/master/sign-in,593
2021-09-08 20:07:54.718,/master/welcome,592
2021-09-08 20:07:55.564,/manageracc/task/create,598
2021-09-08 20:07:57.616,/manageracc/task/create,590
2021-09-08 20:07:57.939,/master/welcome,279
2021-09-08 20:07:58.223,/master/welcome,253
2021-09-08 20:07:58.986,/master/sign-in,593
2021-09-08 20:08:00.265,/master/welcome,593
2021-09-08 20:08:01.07,/manageracc/task/create,588
2021-09-08 20:08:03.092,/manageracc/task/create,596
2021-09-08 20:08:03.402,/master/welcome,265
2021-09-08 20:08:03.686,/master/welcome,255
2021-09-08 20:08:04.384,/master/sign-in,591
2021-09-08 20:08:05.634,/master/welcome,581
2021-09-08 20:08:06.442,/manageracc/task/create,591
2021-09-08 20:08:08.51,/manageracc/task/create,595
2021-09-08 20:08:08.837,/master/welcome,283
2021-09-08 20:08:09.135,/master/welcome,268
2021-09-08 20:08:09.834,/master/sign-in,591
2021-09-08 20:08:11.088,/master/welcome,590
2021-09-08 20:08:11.902,/manageracc/task/create,593
2021-09-08 20:08:13.926,/manageracc/task/create,588
2021-09-08 20:08:14.239,/master/welcome,267
2021-09-08 20:08:14.537,/master/welcome,268
2021-09-08 20:08:15.238,/master/sign-in,592
2021-09-08 20:08:16.534,/master/welcome,593
2021-09-08 20:08:17.342,/manageracc/task/create,593
2021-09-08 20:08:19.352,/manageracc/task/create,594
2021-09-08 20:08:19.681,/master/welcome,280
2021-09-08 20:08:19.981,/master/welcome,270
2021-09-08 20:08:20.683,/master/sign-in,597
2021-09-08 20:08:21.978,/master/welcome,597
2021-09-08 20:08:22.801,/manageracc/task/create,596
2021-09-08 20:08:24.848,/manageracc/task/create,592
2021-09-08 20:08:25.161,/master/welcome,268
2021-09-08 20:08:25.443,/master/welcome,252
2021-09-08 20:08:26.144,/master/sign-in,592
2021-09-08 20:08:27.466,/master/welcome,594
2021-09-08 20:08:28.263,/manageracc/task/create,582
2021-09-08 20:08:30.269,/manageracc/task/create,581
2021-09-08 20:08:30.581,/master/welcome,267
2021-09-08 20:08:30.877,/master/welcome,265
2021-09-08 20:08:31.575,/master/sign-in,590
2021-09-08 20:08:32.835,/master/welcome,593
2021-09-08 20:08:33.649,/manageracc/task/create,598
2021-09-08 20:08:35.657,/manageracc/task/create,596
2021-09-08 20:08:35.969,/master/welcome,267
2021-09-08 20:08:36.328,/master/welcome,329
2021-09-08 20:08:37.034,/master/sign-in,597
2021-09-08 20:08:38.295,/master/welcome,595
2021-09-08 20:08:39.105,/manageracc/task/create,595
2021-09-08 20:08:41.124,/manageracc/task/create,594
2021-09-08 20:08:41.453,/master/welcome,280
2021-09-08 20:08:41.761,/master/welcome,254
2021-09-08 20:08:42.466,/master/sign-in,594
2021-09-08 20:08:43.742,/master/welcome,597
2021-09-08 20:08:44.54,/manageracc/task/create,581
2021-09-08 20:08:46.586,/manageracc/task/create,626
2021-09-08 20:08:46.885,/master/welcome,252
2021-09-08 20:08:47.167,/master/welcome,258
2021-09-08 20:08:47.866,/master/sign-in,592
2021-09-08 20:08:49.137,/master/welcome,593
2021-09-08 20:08:49.944,/manageracc/task/create,592
2021-09-08 20:08:52.046,/manageracc/task/create,584
2021-09-08 20:08:52.361,/master/welcome,268
2021-09-08 20:08:52.658,/master/welcome,266
2021-09-08 20:08:53.355,/master/sign-in,592
2021-09-08 20:08:54.617,/master/welcome,594
2021-09-08 20:08:55.424,/manageracc/task/create,591
2021-09-08 20:08:57.447,/manageracc/task/create,581
2021-09-08 20:08:57.789,/master/welcome,298
2021-09-08 20:08:58.074,/master/welcome,255
2021-09-08 20:08:58.827,/master/sign-in,632
2021-09-08 20:09:00.122,/master/welcome,594
2021-09-08 20:09:00.929,/manageracc/task/create,592
2021-09-08 20:09:02.968,/manageracc/task/create,598
2021-09-08 20:09:12.863,/master/welcome,1379
2021-09-08 20:09:13.404,/master/welcome,497
2021-09-08 20:09:15.296,/master/sign-in,1757
2021-09-08 20:09:18.221,/master/welcome,2240
2021-09-08 20:09:35.654,/master/welcome,313
2021-09-08 20:09:36.357,/master/welcome,595
2021-09-08 20:09:36.707,/master/welcome,270
2021-09-08 20:09:37.046,/master/welcome,310
2021-09-08 20:09:37.797,/master/sign-in,611
2021-09-08 20:09:39.06,/master/welcome,594
2021-09-08 20:09:39.873,/manageracc/task/list,596
2021-09-08 20:09:41.424,/manageracc/task/show,584
2021-09-08 20:09:43.428,/manageracc/task/update,596
2021-09-08 20:09:44.192,/manageracc/task/list,594
2021-09-08 20:09:45.745,/manageracc/task/show,595
2021-09-08 20:09:46.507,/master/welcome,252
2021-09-08 20:09:47.211,/master/welcome,594
2021-09-08 20:09:47.54,/master/welcome,249
2021-09-08 20:09:47.824,/master/welcome,255
2021-09-08 20:09:48.528,/master/sign-in,594
2021-09-08 20:09:49.822,/master/welcome,596
2021-09-08 20:09:50.671,/manageracc/task/list,585
2021-09-08 20:09:52.193,/manageracc/task/show,597
2021-09-08 20:09:54.215,/manageracc/task/update,617
2021-09-08 20:09:54.976,/manageracc/task/list,593
2021-09-08 20:09:56.489,/manageracc/task/show,582
2021-09-08 20:09:57.248,/master/welcome,249
2021-09-08 20:09:57.946,/master/welcome,591
2021-09-08 20:09:58.295,/master/welcome,252
2021-09-08 20:09:58.59,/master/welcome,268
2021-09-08 20:09:59.322,/master/sign-in,607
2021-09-08 20:10:00.592,/master/welcome,593
2021-09-08 20:10:01.221,/master/welcome,267
2021-09-08 20:10:01.922,/master/welcome,593
2021-09-08 20:10:02.248,/master/welcome,251
2021-09-08 20:10:02.536,/master/welcome,256
2021-09-08 20:10:03.224,/master/sign-in,581
2021-09-08 20:10:04.508,/master/welcome,591
2021-09-08 20:10:05.137,/master/welcome,267
2021-09-08 20:10:05.974,/master/welcome,670
2021-09-08 20:10:06.325,/master/welcome,265
2021-09-08 20:10:06.655,/master/welcome,301
2021-09-08 20:10:07.435,/master/sign-in,625
2021-09-08 20:10:08.726,/master/welcome,594
2021-09-08 20:10:09.537,/manageracc/task/list,596
2021-09-08 20:10:11.046,/manageracc/task/show,583
2021-09-08 20:10:13.676,/manageracc/task/list,1127
2021-09-08 20:10:14.426,/manageracc/task/list,581
2021-09-08 20:10:15.965,/manageracc/task/show,593
2021-09-08 20:10:16.741,/master/welcome,269
2021-09-08 20:10:17.439,/master/welcome,590
2021-09-08 20:10:17.771,/master/welcome,255
2021-09-08 20:10:18.049,/master/welcome,251
2021-09-08 20:10:18.748,/master/sign-in,589
2021-09-08 20:10:20.086,/master/welcome,598
2021-09-08 20:10:20.9,/manageracc/task/list,593
2021-09-08 20:10:22.422,/manageracc/task/show,594
2021-09-08 20:10:25.026,/manageracc/task/list,582
2021-09-08 20:10:25.789,/manageracc/task/list,592
2021-09-08 20:10:27.315,/manageracc/task/show,598
2021-09-08 20:10:28.077,/master/welcome,253
2021-09-08 20:10:28.776,/master/welcome,589
2021-09-08 20:10:39.732,/master/welcome,1462
2021-09-08 20:10:40.44,/master/welcome,680
2021-09-08 20:10:43.878,/master/sign-in,3315
2021-09-08 20:10:46.791,/master/welcome,2215
2021-09-08 20:11:02.049,/master/welcome,299
2021-09-08 20:11:02.748,/master/welcome,592
2021-09-08 20:11:03.091,/master/welcome,269
2021-09-08 20:11:03.376,/master/welcome,256
2021-09-08 20:11:04.075,/master/sign-in,591
2021-09-08 20:11:05.391,/master/welcome,592
2021-09-08 20:11:06.783,/administrator/dashboard/show,1176
2021-09-08 20:11:07.208,/master/welcome,318
2021-09-08 20:11:07.903,/master/welcome,592
2021-09-08 20:11:08.251,/master/welcome,269
2021-09-08 20:11:08.554,/master/welcome,267
2021-09-08 20:11:09.254,/master/sign-in,597
2021-09-08 20:11:10.541,/master/welcome,594
2021-09-08 20:11:11.346,/administrator/dashboard/show,591
2021-09-08 20:11:11.74,/master/welcome,304
2021-09-08 20:11:12.44,/master/welcome,594
2021-09-08 20:11:12.783,/master/welcome,266
2021-09-08 20:11:13.458,/master/welcome,300
2021-09-08 20:11:13.755,/master/welcome,268
2021-09-08 20:11:14.451,/master/sign-in,589
2021-09-08 20:11:15.729,/master/welcome,595
2021-09-08 20:11:16.354,/master/welcome,269
2021-09-08 20:11:17.057,/master/welcome,596
2021-09-08 20:11:17.415,/master/welcome,283
2021-09-08 20:11:17.711,/master/welcome,270
2021-09-08 20:11:18.461,/master/sign-in,610
2021-09-08 20:11:19.755,/master/welcome,597
2021-09-08 20:11:20.348,/master/welcome,253
2021-09-08 20:11:21.052,/master/welcome,594
2021-09-08 20:11:30.502,/master/welcome,680
2021-09-08 20:11:31.891,/master/welcome,1251
2021-09-08 20:11:33.148,/master/sign-in,1135
2021-09-08 20:11:35.578,/master/welcome,1677
2021-09-08 20:11:53.091,/master/welcome,300
2021-09-08 20:11:53.792,/master/welcome,594
2021-09-08 20:11:54.126,/master/welcome,255
2021-09-08 20:11:54.409,/master/welcome,256
2021-09-08 20:11:55.109,/master/sign-in,593
2021-09-08 20:11:56.461,/master/welcome,633
2021-09-08 20:11:57.276,/administrator/task/create,595
2021-09-08 20:12:00.351,/master/welcome,583
2021-09-08 20:12:01.152,/administrator/task/list,584
2021-09-08 20:12:01.529,/master/welcome,347
2021-09-08 20:12:02.232,/master/welcome,595
2021-09-08 20:12:03.093,/anonymous/task/list,662
2021-09-08 20:12:04.87,/master/welcome,327
2021-09-08 20:12:05.16,/master/welcome,262
2021-09-08 20:12:05.86,/master/sign-in,595
2021-09-08 20:12:07.154,/master/welcome,594
2021-09-08 20:12:07.967,/administrator/task/create,596
2021-09-08 20:12:10.597,/master/welcome,1160
2021-09-08 20:12:11.362,/administrator/task/list,594
2021-09-08 20:12:11.691,/master/welcome,301
2021-09-08 20:12:12.389,/master/welcome,589
2021-09-08 20:12:13.178,/anonymous/task/list,587
2021-09-08 20:12:14.923,/master/welcome,267
2021-09-08 20:12:15.677,/anonymous/task/list,589
2021-09-08 20:12:16.326,/anonymous/task/list-by-execution-period,586
2021-09-08 20:12:16.982,/anonymous/task/list,595
2021-09-08 20:12:18.739,/master/welcome,253
2021-09-08 20:12:19.51,/anonymous/task/list,596
2021-09-08 20:12:20.162,/anonymous/task/list-by-execution-period,596
2021-09-08 20:12:20.815,/anonymous/task/list,592
2021-09-08 20:12:22.568,/master/welcome,283
2021-09-08 20:12:23.148,/master/welcome,251
2021-09-08 20:12:33.762,/master/welcome,1142
2021-09-08 20:12:34.426,/master/welcome,633
2021-09-08 20:12:35.682,/master/sign-in,1134
2021-09-08 20:12:36.975,/master/welcome,596
2021-09-08 20:12:54.932,/master/welcome,295
2021-09-08 20:12:55.648,/master/welcome,595
2021-09-08 20:12:56.011,/master/welcome,285
2021-09-08 20:12:56.521,/master/welcome,482
2021-09-08 20:12:57.228,/master/sign-in,598
2021-09-08 20:12:58.52,/master/welcome,583
2021-09-08 20:12:59.334,/administrator/task/create,604
2021-09-08 20:13:01.436,/master/welcome,599
2021-09-08 20:13:02.27,/administrator/task/list,582
2021-09-08 20:13:02.603,/master/welcome,302
2021-09-08 20:13:03.302,/master/welcome,591
2021-09-08 20:13:04.133,/anonymous/task/list,595
2021-09-08 20:13:04.779,/anonymous/task/list-by-execution-period,585
2021-09-08 20:13:06.484,/master/welcome,269
2021-09-08 20:13:06.77,/master/welcome,255
2021-09-08 20:13:07.47,/master/sign-in,591
2021-09-08 20:13:08.81,/master/welcome,597
2021-09-08 20:13:09.604,/administrator/task/create,581
2021-09-08 20:13:12.674,/master/welcome,583
2021-09-08 20:13:13.444,/administrator/task/list,596
2021-09-08 20:13:13.777,/master/welcome,302
2021-09-08 20:13:14.476,/master/welcome,592
2021-09-08 20:13:15.272,/anonymous/task/list,595
2021-09-08 20:13:15.929,/anonymous/task/list-by-execution-period,596
2021-09-08 20:13:17.664,/master/welcome,252
2021-09-08 20:13:18.245,/master/welcome,256
2021-09-08 20:13:28.812,/master/welcome,1862
2021-09-08 20:13:29.32,/master/welcome,477
2021-09-08 20:13:31.114,/master/sign-in,1685
2021-09-08 20:13:34.704,/master/welcome,2769
2021-09-08 20:13:55.402,/master/welcome,300
2021-09-08 20:13:56.101,/master/welcome,590
2021-09-08 20:13:56.448,/master/welcome,269
2021-09-08 20:13:56.747,/master/welcome,268
2021-09-08 20:13:57.497,/master/sign-in,594
2021-09-08 20:13:58.797,/master/welcome,592
2021-09-08 20:13:59.611,/administrator/task/create,599
2021-09-08 20:14:01.712,/master/welcome,599
2021-09-08 20:14:02.572,/administrator/task/list,595
2021-09-08 20:14:02.888,/master/welcome,285
2021-09-08 20:14:03.592,/master/welcome,596
2021-09-08 20:14:04.427,/anonymous/task/list,590
2021-09-08 20:14:05.25,/anonymous/task/show,588
2021-09-08 20:14:05.879,/master/welcome,285
2021-09-08 20:14:16.819,/master/welcome,848
2021-09-08 20:14:18.355,/master/welcome,1420
2021-09-08 20:14:19.604,/master/sign-in,1140
2021-09-08 20:14:22.571,/master/welcome,2214
2021-09-08 20:14:44.329,/master/welcome,312
2021-09-08 20:14:45.025,/master/welcome,591
2021-09-08 20:14:45.371,/master/welcome,268
2021-09-08 20:14:45.666,/master/welcome,265
2021-09-08 20:14:46.913,/anonymous/user-account/create,1137
2021-09-08 20:14:49.215,/master/welcome,1126
2021-09-08 20:14:49.53,/master/welcome,257
2021-09-08 20:14:50.231,/master/sign-in,594
2021-09-08 20:14:51.504,/master/welcome,593
2021-09-08 20:14:51.849,/master/welcome,270
2021-09-08 20:14:52.551,/master/welcome,595
2021-09-08 20:14:53.02,/master/welcome,269
2021-09-08 20:14:53.301,/master/welcome,251
2021-09-08 20:14:54.002,/anonymous/user-account/create,592
2021-09-08 20:14:56.32,/master/welcome,1128
2021-09-08 20:14:56.65,/master/welcome,268
2021-09-08 20:14:57.353,/master/sign-in,595
2021-09-08 20:14:58.612,/master/welcome,594
2021-09-08 20:14:58.925,/master/welcome,236
2021-09-08 20:14:59.68,/master/welcome,643
2021-09-08 20:15:00.021,/master/welcome,265
2021-09-08 20:15:00.302,/master/welcome,252
2021-09-08 20:15:01.003,/anonymous/user-account/create,594
2021-09-08 20:15:03.32,/master/welcome,1141
2021-09-08 20:15:03.7,/master/welcome,245
2021-09-08 20:15:04.428,/master/sign-in,622
2021-09-08 20:15:05.718,/master/welcome,591
2021-09-08 20:15:06.048,/master/welcome,254
2021-09-08 20:15:06.748,/master/welcome,589
2021-09-08 20:15:07.072,/master/welcome,250
2021-09-08 20:15:07.37,/master/welcome,268
2021-09-08 20:15:08.078,/anonymous/user-account/create,602
2021-09-08 20:15:10.915,/master/welcome,590
2021-09-08 20:15:11.454,/master/welcome,341
2021-09-08 20:15:12.184,/master/sign-in,596
2021-09-08 20:15:13.701,/master/welcome,592
2021-09-08 20:15:14.063,/master/welcome,286
2021-09-08 20:15:14.768,/master/welcome,597
2021-09-08 20:15:15.098,/master/welcome,254
2021-09-08 20:15:15.38,/master/welcome,253
2021-09-08 20:15:16.074,/anonymous/user-account/create,591
2021-09-08 20:15:18.926,/master/welcome,614
2021-09-08 20:15:19.271,/master/welcome,281
2021-09-08 20:15:19.971,/master/sign-in,593
2021-09-08 20:15:21.23,/master/welcome,596
2021-09-08 20:15:21.555,/master/welcome,249
2021-09-08 20:15:22.256,/master/welcome,586
2021-09-08 20:15:22.604,/master/welcome,271
2021-09-08 20:15:22.888,/master/welcome,253
2021-09-08 20:15:23.587,/anonymous/user-account/create,592
2021-09-08 20:15:26.473,/master/welcome,623
2021-09-08 20:15:26.805,/master/welcome,269
2021-09-08 20:15:27.505,/master/sign-in,591
2021-09-08 20:15:28.763,/master/welcome,595
2021-09-08 20:15:29.088,/master/welcome,249
2021-09-08 20:15:29.785,/master/welcome,585
2021-09-08 20:15:30.134,/master/welcome,270
2021-09-08 20:15:30.442,/master/welcome,265
2021-09-08 20:15:31.142,/anonymous/user-account/create,596
2021-09-08 20:15:33.45,/master/welcome,1128
2021-09-08 20:15:33.775,/master/welcome,265
2021-09-08 20:15:34.475,/master/sign-in,592
2021-09-08 20:15:35.741,/master/welcome,594
2021-09-08 20:15:36.065,/master/welcome,253
2021-09-08 20:15:36.762,/master/welcome,588
2021-09-08 20:15:37.137,/master/welcome,269
2021-09-08 20:15:37.42,/master/welcome,252
2021-09-08 20:15:38.108,/anonymous/user-account/create,580
2021-09-08 20:15:40.482,/master/welcome,1183
2021-09-08 20:15:40.797,/master/welcome,256
2021-09-08 20:15:41.509,/master/sign-in,604
2021-09-08 20:15:42.767,/master/welcome,590
2021-09-08 20:15:43.099,/master/welcome,258
2021-09-08 20:15:43.843,/master/welcome,636
2021-09-08 20:15:44.174,/master/welcome,255
2021-09-08 20:15:44.457,/master/welcome,252
2021-09-08 20:15:45.177,/anonymous/user-account/create,586
2021-09-08 20:15:47.498,/master/welcome,1154
2021-09-08 20:15:47.811,/master/welcome,256
2021-09-08 20:15:48.517,/master/sign-in,586
2021-09-08 20:15:49.772,/master/welcome,593
2021-09-08 20:15:50.099,/master/welcome,252
2021-09-08 20:15:50.798,/master/welcome,587
2021-09-08 20:15:51.128,/master/welcome,253
2021-09-08 20:15:51.409,/master/welcome,251
2021-09-08 20:15:52.163,/anonymous/user-account/create,609
2021-09-08 20:15:54.969,/master/welcome,595
2021-09-08 20:15:55.286,/master/welcome,256
2021-09-08 20:15:55.987,/master/sign-in,595
2021-09-08 20:15:57.284,/master/welcome,597
2021-09-08 20:15:57.621,/master/welcome,254
2021-09-08 20:15:58.313,/master/welcome,588
2021-09-08 20:15:58.653,/master/welcome,264
2021-09-08 20:15:58.939,/master/welcome,257
2021-09-08 20:15:59.641,/anonymous/user-account/create,593
2021-09-08 20:16:02.483,/master/welcome,601
2021-09-08 20:16:02.802,/master/welcome,256
2021-09-08 20:16:03.489,/master/sign-in,581
2021-09-08 20:16:04.771,/master/welcome,615
2021-09-08 20:16:05.086,/master/welcome,238
2021-09-08 20:16:05.79,/master/welcome,598
2021-09-08 20:16:06.137,/master/welcome,270
2021-09-08 20:16:06.451,/master/welcome,287
2021-09-08 20:16:07.151,/anonymous/user-account/create,592
2021-09-08 20:16:09.976,/master/welcome,594
2021-09-08 20:16:10.291,/master/welcome,251
2021-09-08 20:16:10.992,/master/sign-in,595
2021-09-08 20:16:12.268,/master/welcome,591
2021-09-08 20:16:12.598,/master/welcome,257
2021-09-08 20:16:13.343,/master/welcome,627
